timestamp,device_id,temperature,humidity,light,status,main_issue,suggestion,led_action,comfort_level,ml_label,ml_status,ml_suggestion,data_source_status
2026-05-15 21:02:50,Room_A01,23.6,58.3,24,Warning,Light too low,Turn on the LED light or increase room lighting.,ON,Uncomfortable,too_dark,Warning,Turn on the LED light or increase room lighting.,Live sensor data
2026-05-15 21:02:53,Room_A01,23.6,58.4,45,Warning,Light too low,Turn on the LED light or increase room lighting.,ON,Uncomfortable,too_dark,Warning,Turn on the LED light or increase room lighting.,Live sensor data
2026-05-15 21:02:56,Room_A01,23.6,58.4,49,Warning,Light too low,Turn on the LED light or increase room lighting.,ON,Uncomfortable,too_dark,Warning,Turn on the LED light or increase room lighting.,Live sensor data
2026-05-15 21:02:59,Room_A01,23.6,58.5,45,Warning,Light too low,Turn on the LED light or increase room lighting.,ON,Uncomfortable,too_dark,Warning,Turn on the LED light or increase room lighting.,Live sensor data
2026-05-15 21:03:02,Room_A01,23.6,58.4,39,Warning,Light too low,Turn on the LED light or increase room lighting.,ON,Uncomfortable,too_dark,Warning,Turn on the LED light or increase room lighting.,Live sensor data
2026-05-15 21:15:34,Room_A01,24.7,55.1,17,Warning,Light too low,Turn on the LED light or increase room lighting.,ON,Uncomfortable,too_dark,Warning,Turn on the LED light or increase room lighting.,Live sensor data
2026-05-15 21:15:37,Room_A01,24.7,55.5,82,Warning,Light too low,Turn on the LED light or increase room lighting.,ON,Uncomfortable,too_dark,Warning,Turn on the LED light or increase room lighting.,Live sensor data
2026-05-15 21:16:08,Room_A01,24.6,55.2,105,Warning,Light too low,Turn on the LED light or increase room lighting.,ON,Uncomfortable,too_dark,Warning,Turn on the LED light or increase room lighting.,Live sensor data
2026-05-15 21:16:08,Room_A01,24.6,55.2,105,Warning,Light too low,Turn on the LED light or increase room lighting.,ON,Uncomfortable,too_dark,Warning,Turn on the LED light or increase room lighting.,Live sensor data
2026-05-15 21:16:11,Room_A01,24.6,55.4,21,Warning,Light too low,Turn on the LED light or increase room lighting.,ON,Uncomfortable,too_dark,Warning,Turn on the LED light or increase room lighting.,Live sensor data
2026-05-15 21:16:14,Room_A01,24.6,55.4,117,Warning,Light too low,Turn on the LED light or increase room lighting.,ON,Uncomfortable,too_dark,Warning,Turn on the LED light or increase room lighting.,Live sensor data
2026-05-15 21:16:17,Room_A01,24.6,55.6,81,Warning,Light too low,Turn on the LED light or increase room lighting.,ON,Uncomfortable,too_dark,Warning,Turn on the LED light or increase room lighting.,Live sensor data
2026-05-15 21:16:20,Room_A01,24.6,55.6,88,Warning,Light too low,Turn on the LED light or increase room lighting.,ON,Uncomfortable,too_dark,Warning,Turn on the LED light or increase room lighting.,Live sensor data
2026-05-15 21:16:33,Room_A01,24.6,55.5,22,Warning,Light too low,Turn on the LED light or increase room lighting.,ON,Uncomfortable,too_dark,Warning,Turn on the LED light or increase room lighting.,Live sensor data
2026-05-15 21:16:36,Room_A01,24.6,55.7,65,Warning,Light too low,Turn on the LED light or increase room lighting.,ON,Uncomfortable,too_dark,Warning,Turn on the LED light or increase room lighting.,Live sensor data
2026-05-15 21:16:39,Room_A01,24.7,56.0,59,Warning,Light too low,Turn on the LED light or increase room lighting.,ON,Uncomfortable,too_dark,Warning,Turn on the LED light or increase room lighting.,Live sensor data
2026-05-15 21:16:42,Room_A01,24.7,56.1,58,Warning,Light too low,Turn on the LED light or increase room lighting.,ON,Uncomfortable,too_dark,Warning,Turn on the LED light or increase room lighting.,Live sensor data
2026-05-15 21:16:45,Room_A01,24.7,56.2,54,Warning,Light too low,Turn on the LED light or increase room lighting.,ON,Uncomfortable,too_dark,Warning,Turn on the LED light or increase room lighting.,Live sensor data
2026-05-15 21:16:48,Room_A01,24.7,56.2,55,Warning,Light too low,Turn on the LED light or increase room lighting.,ON,Uncomfortable,too_dark,Warning,Turn on the LED light or increase room lighting.,Live sensor data
2026-05-15 21:16:51,Room_A01,24.7,56.1,54,Warning,Light too low,Turn on the LED light or increase room lighting.,ON,Uncomfortable,too_dark,Warning,Turn on the LED light or increase room lighting.,Live sensor data
2026-05-15 21:16:56,Room_A01,24.7,56.1,59,Warning,Light too low,Turn on the LED light or increase room lighting.,ON,Uncomfortable,too_dark,Warning,Turn on the LED light or increase room lighting.,Live sensor data
2026-05-15 21:17:00,Room_A01,24.7,56.0,62,Warning,Light too low,Turn on the LED light or increase room lighting.,ON,Uncomfortable,too_dark,Warning,Turn on the LED light or increase room lighting.,Live sensor data
2026-05-15 21:17:03,Room_A01,24.7,55.8,58,Warning,Light too low,Turn on the LED light or increase room lighting.,ON,Uncomfortable,too_dark,Warning,Turn on the LED light or increase room lighting.,Live sensor data
2026-05-15 21:17:06,Room_A01,24.8,55.7,57,Warning,Light too low,Turn on the LED light or increase room lighting.,ON,Uncomfortable,too_dark,Warning,Turn on the LED light or increase room lighting.,Live sensor data
2026-05-15 21:17:09,Room_A01,24.8,55.6,58,Warning,Light too low,Turn on the LED light or increase room lighting.,ON,Uncomfortable,too_dark,Warning,Turn on the LED light or increase room lighting.,Live sensor data
2026-05-15 21:17:12,Room_A01,24.8,55.4,55,Warning,Light too low,Turn on the LED light or increase room lighting.,ON,Uncomfortable,too_dark,Warning,Turn on the LED light or increase room lighting.,Live sensor data
2026-05-15 21:17:15,Room_A01,24.8,55.3,55,Warning,Light too low,Turn on the LED light or increase room lighting.,ON,Uncomfortable,too_dark,Warning,Turn on the LED light or increase room lighting.,Live sensor data
2026-05-15 21:17:18,Room_A01,24.8,55.3,55,Warning,Light too low,Turn on the LED light or increase room lighting.,ON,Uncomfortable,too_dark,Warning,Turn on the LED light or increase room lighting.,Live sensor data
2026-05-15 21:17:22,Room_A01,24.8,55.3,56,Warning,Light too low,Turn on the LED light or increase room lighting.,ON,Uncomfortable,too_dark,Warning,Turn on the LED light or increase room lighting.,Live sensor data
2026-05-15 21:17:25,Room_A01,24.9,55.2,55,Warning,Light too low,Turn on the LED light or increase room lighting.,ON,Uncomfortable,too_dark,Warning,Turn on the LED light or increase room lighting.,Live sensor data
2026-05-15 21:17:28,Room_A01,24.9,55.1,55,Warning,Light too low,Turn on the LED light or increase room lighting.,ON,Uncomfortable,too_dark,Warning,Turn on the LED light or increase room lighting.,Live sensor data
2026-05-15 21:17:31,Room_A01,24.9,55.1,55,Warning,Light too low,Turn on the LED light or increase room lighting.,ON,Uncomfortable,too_dark,Warning,Turn on the LED light or increase room lighting.,Live sensor data
2026-05-15 21:17:34,Room_A01,24.9,55.0,54,Warning,Light too low,Turn on the LED light or increase room lighting.,ON,Uncomfortable,too_dark,Warning,Turn on the LED light or increase room lighting.,Live sensor data
2026-05-15 21:17:37,Room_A01,24.9,55.0,56,Warning,Light too low,Turn on the LED light or increase room lighting.,ON,Uncomfortable,too_dark,Warning,Turn on the LED light or increase room lighting.,Live sensor data
2026-05-15 21:17:40,Room_A01,24.9,54.8,55,Warning,Light too low,Turn on the LED light or increase room lighting.,ON,Uncomfortable,too_dark,Warning,Turn on the LED light or increase room lighting.,Live sensor data
2026-05-15 21:17:43,Room_A01,25.0,54.9,55,Warning,Light too low,Turn on the LED light or increase room lighting.,ON,Uncomfortable,too_dark,Warning,Turn on the LED light or increase room lighting.,Live sensor data
2026-05-15 21:17:47,Room_A01,24.9,54.7,55,Warning,Light too low,Turn on the LED light or increase room lighting.,ON,Uncomfortable,too_dark,Warning,Turn on the LED light or increase room lighting.,Live sensor data
2026-05-15 21:17:50,Room_A01,24.9,54.7,56,Warning,Light too low,Turn on the LED light or increase room lighting.,ON,Uncomfortable,too_dark,Warning,Turn on the LED light or increase room lighting.,Live sensor data
2026-05-15 21:17:53,Room_A01,24.9,54.7,55,Warning,Light too low,Turn on the LED light or increase room lighting.,ON,Uncomfortable,too_dark,Warning,Turn on the LED light or increase room lighting.,Live sensor data
2026-05-15 21:17:56,Room_A01,25.0,54.7,55,Warning,Light too low,Turn on the LED light or increase room lighting.,ON,Uncomfortable,too_dark,Warning,Turn on the LED light or increase room lighting.,Live sensor data
2026-05-15 21:17:59,Room_A01,25.0,54.7,55,Warning,Light too low,Turn on the LED light or increase room lighting.,ON,Uncomfortable,too_dark,Warning,Turn on the LED light or increase room lighting.,Live sensor data
2026-05-15 21:18:02,Room_A01,25.0,54.7,54,Warning,Light too low,Turn on the LED light or increase room lighting.,ON,Uncomfortable,too_dark,Warning,Turn on the LED light or increase room lighting.,Live sensor data
2026-05-15 21:18:05,Room_A01,25.0,54.7,54,Warning,Light too low,Turn on the LED light or increase room lighting.,ON,Uncomfortable,too_dark,Warning,Turn on the LED light or increase room lighting.,Live sensor data
2026-05-15 21:18:08,Room_A01,25.0,54.6,55,Warning,Light too low,Turn on the LED light or increase room lighting.,ON,Uncomfortable,too_dark,Warning,Turn on the LED light or increase room lighting.,Live sensor data
2026-05-15 21:18:12,Room_A01,25.0,54.5,55,Warning,Light too low,Turn on the LED light or increase room lighting.,ON,Uncomfortable,too_dark,Warning,Turn on the LED light or increase room lighting.,Live sensor data
2026-05-15 21:18:15,Room_A01,25.0,54.5,55,Warning,Light too low,Turn on the LED light or increase room lighting.,ON,Uncomfortable,too_dark,Warning,Turn on the LED light or increase room lighting.,Live sensor data
2026-05-15 21:18:18,Room_A01,25.1,54.5,55,Warning,Light too low,Turn on the LED light or increase room lighting.,ON,Uncomfortable,too_dark,Warning,Turn on the LED light or increase room lighting.,Live sensor data
2026-05-15 21:18:21,Room_A01,25.1,54.5,54,Warning,Light too low,Turn on the LED light or increase room lighting.,ON,Uncomfortable,too_dark,Warning,Turn on the LED light or increase room lighting.,Live sensor data
2026-05-15 21:18:24,Room_A01,25.1,54.4,55,Warning,Light too low,Turn on the LED light or increase room lighting.,ON,Uncomfortable,too_dark,Warning,Turn on the LED light or increase room lighting.,Live sensor data
2026-05-15 21:18:27,Room_A01,25.1,54.4,54,Warning,Light too low,Turn on the LED light or increase room lighting.,ON,Uncomfortable,too_dark,Warning,Turn on the LED light or increase room lighting.,Live sensor data
2026-05-15 21:18:30,Room_A01,25.1,54.3,56,Warning,Light too low,Turn on the LED light or increase room lighting.,ON,Uncomfortable,too_dark,Warning,Turn on the LED light or increase room lighting.,Live sensor data
2026-05-15 21:18:33,Room_A01,25.1,54.4,57,Warning,Light too low,Turn on the LED light or increase room lighting.,ON,Uncomfortable,too_dark,Warning,Turn on the LED light or increase room lighting.,Live sensor data
2026-05-15 21:18:37,Room_A01,25.1,54.3,56,Warning,Light too low,Turn on the LED light or increase room lighting.,ON,Uncomfortable,too_dark,Warning,Turn on the LED light or increase room lighting.,Live sensor data
2026-05-15 21:18:40,Room_A01,25.1,54.3,55,Warning,Light too low,Turn on the LED light or increase room lighting.,ON,Uncomfortable,too_dark,Warning,Turn on the LED light or increase room lighting.,Live sensor data
2026-05-15 21:18:43,Room_A01,25.1,54.3,56,Warning,Light too low,Turn on the LED light or increase room lighting.,ON,Uncomfortable,too_dark,Warning,Turn on the LED light or increase room lighting.,Live sensor data
2026-05-15 21:18:46,Room_A01,25.1,54.2,56,Warning,Light too low,Turn on the LED light or increase room lighting.,ON,Uncomfortable,too_dark,Warning,Turn on the LED light or increase room lighting.,Live sensor data
2026-05-15 21:18:49,Room_A01,25.1,54.2,56,Warning,Light too low,Turn on the LED light or increase room lighting.,ON,Uncomfortable,too_dark,Warning,Turn on the LED light or increase room lighting.,Live sensor data
2026-05-15 21:18:52,Room_A01,25.2,54.2,56,Warning,Light too low,Turn on the LED light or increase room lighting.,ON,Uncomfortable,too_dark,Warning,Turn on the LED light or increase room lighting.,Live sensor data
2026-05-15 21:18:55,Room_A01,25.2,54.3,57,Warning,Light too low,Turn on the LED light or increase room lighting.,ON,Uncomfortable,too_dark,Warning,Turn on the LED light or increase room lighting.,Live sensor data
2026-05-15 21:18:59,Room_A01,25.2,54.2,57,Warning,Light too low,Turn on the LED light or increase room lighting.,ON,Uncomfortable,too_dark,Warning,Turn on the LED light or increase room lighting.,Live sensor data
2026-05-15 21:19:02,Room_A01,25.2,54.5,57,Warning,Light too low,Turn on the LED light or increase room lighting.,ON,Uncomfortable,too_dark,Warning,Turn on the LED light or increase room lighting.,Live sensor data
2026-05-15 21:19:05,Room_A01,25.2,54.5,53,Warning,Light too low,Turn on the LED light or increase room lighting.,ON,Uncomfortable,too_dark,Warning,Turn on the LED light or increase room lighting.,Live sensor data
2026-05-15 21:19:08,Room_A01,25.2,54.4,54,Warning,Light too low,Turn on the LED light or increase room lighting.,ON,Uncomfortable,too_dark,Warning,Turn on the LED light or increase room lighting.,Live sensor data
2026-05-15 21:19:11,Room_A01,25.2,54.3,54,Warning,Light too low,Turn on the LED light or increase room lighting.,ON,Uncomfortable,too_dark,Warning,Turn on the LED light or increase room lighting.,Live sensor data
2026-05-15 21:19:14,Room_A01,25.2,54.2,53,Warning,Light too low,Turn on the LED light or increase room lighting.,ON,Uncomfortable,too_dark,Warning,Turn on the LED light or increase room lighting.,Live sensor data
2026-05-15 21:19:17,Room_A01,25.2,54.2,54,Warning,Light too low,Turn on the LED light or increase room lighting.,ON,Uncomfortable,too_dark,Warning,Turn on the LED light or increase room lighting.,Live sensor data
2026-05-15 21:19:20,Room_A01,25.2,54.3,56,Warning,Light too low,Turn on the LED light or increase room lighting.,ON,Uncomfortable,too_dark,Warning,Turn on the LED light or increase room lighting.,Live sensor data
2026-05-15 21:19:24,Room_A01,25.2,54.3,55,Warning,Light too low,Turn on the LED light or increase room lighting.,ON,Uncomfortable,too_dark,Warning,Turn on the LED light or increase room lighting.,Live sensor data
2026-05-15 21:19:27,Room_A01,25.2,54.2,54,Warning,Light too low,Turn on the LED light or increase room lighting.,ON,Uncomfortable,too_dark,Warning,Turn on the LED light or increase room lighting.,Live sensor data
2026-05-15 21:19:30,Room_A01,25.2,54.1,54,Warning,Light too low,Turn on the LED light or increase room lighting.,ON,Uncomfortable,too_dark,Warning,Turn on the LED light or increase room lighting.,Live sensor data
2026-05-15 21:19:33,Room_A01,25.2,54.1,53,Warning,Light too low,Turn on the LED light or increase room lighting.,ON,Uncomfortable,too_dark,Warning,Turn on the LED light or increase room lighting.,Live sensor data
2026-05-15 21:19:36,Room_A01,25.2,54.1,55,Warning,Light too low,Turn on the LED light or increase room lighting.,ON,Uncomfortable,too_dark,Warning,Turn on the LED light or increase room lighting.,Live sensor data
2026-05-15 21:19:39,Room_A01,25.2,54.1,56,Warning,Light too low,Turn on the LED light or increase room lighting.,ON,Uncomfortable,too_dark,Warning,Turn on the LED light or increase room lighting.,Live sensor data
2026-05-15 21:19:42,Room_A01,25.2,54.0,55,Warning,Light too low,Turn on the LED light or increase room lighting.,ON,Uncomfortable,too_dark,Warning,Turn on the LED light or increase room lighting.,Live sensor data
2026-05-15 21:19:45,Room_A01,25.2,54.0,56,Warning,Light too low,Turn on the LED light or increase room lighting.,ON,Uncomfortable,too_dark,Warning,Turn on the LED light or increase room lighting.,Live sensor data
2026-05-15 21:19:49,Room_A01,25.2,53.9,53,Warning,Light too low,Turn on the LED light or increase room lighting.,ON,Uncomfortable,too_dark,Warning,Turn on the LED light or increase room lighting.,Live sensor data
2026-05-15 21:19:52,Room_A01,25.2,53.9,54,Warning,Light too low,Turn on the LED light or increase room lighting.,ON,Uncomfortable,too_dark,Warning,Turn on the LED light or increase room lighting.,Live sensor data
2026-05-15 21:19:55,Room_A01,25.2,53.9,53,Warning,Light too low,Turn on the LED light or increase room lighting.,ON,Uncomfortable,too_dark,Warning,Turn on the LED light or increase room lighting.,Live sensor data
2026-05-15 21:19:58,Room_A01,25.2,53.8,54,Warning,Light too low,Turn on the LED light or increase room lighting.,ON,Uncomfortable,too_dark,Warning,Turn on the LED light or increase room lighting.,Live sensor data
2026-05-15 21:20:01,Room_A01,25.2,53.9,54,Warning,Light too low,Turn on the LED light or increase room lighting.,ON,Uncomfortable,too_dark,Warning,Turn on the LED light or increase room lighting.,Live sensor data
2026-05-15 21:20:04,Room_A01,25.2,53.9,55,Warning,Light too low,Turn on the LED light or increase room lighting.,ON,Uncomfortable,too_dark,Warning,Turn on the LED light or increase room lighting.,Live sensor data
2026-05-15 21:20:07,Room_A01,25.2,53.9,54,Warning,Light too low,Turn on the LED light or increase room lighting.,ON,Uncomfortable,too_dark,Warning,Turn on the LED light or increase room lighting.,Live sensor data
2026-05-15 21:20:11,Room_A01,25.2,53.8,54,Warning,Light too low,Turn on the LED light or increase room lighting.,ON,Uncomfortable,too_dark,Warning,Turn on the LED light or increase room lighting.,Live sensor data
2026-05-15 21:20:14,Room_A01,25.2,53.9,54,Warning,Light too low,Turn on the LED light or increase room lighting.,ON,Uncomfortable,too_dark,Warning,Turn on the LED light or increase room lighting.,Live sensor data
2026-05-15 21:20:17,Room_A01,25.2,53.8,55,Warning,Light too low,Turn on the LED light or increase room lighting.,ON,Uncomfortable,too_dark,Warning,Turn on the LED light or increase room lighting.,Live sensor data
2026-05-15 21:20:20,Room_A01,25.3,53.8,54,Warning,Light too low,Turn on the LED light or increase room lighting.,ON,Uncomfortable,too_dark,Warning,Turn on the LED light or increase room lighting.,Live sensor data
2026-05-15 21:20:23,Room_A01,25.2,53.8,55,Warning,Light too low,Turn on the LED light or increase room lighting.,ON,Uncomfortable,too_dark,Warning,Turn on the LED light or increase room lighting.,Live sensor data
2026-05-15 21:20:26,Room_A01,25.2,53.8,54,Warning,Light too low,Turn on the LED light or increase room lighting.,ON,Uncomfortable,too_dark,Warning,Turn on the LED light or increase room lighting.,Live sensor data
2026-05-15 21:20:29,Room_A01,25.2,53.8,55,Warning,Light too low,Turn on the LED light or increase room lighting.,ON,Uncomfortable,too_dark,Warning,Turn on the LED light or increase room lighting.,Live sensor data
2026-05-15 21:20:32,Room_A01,25.2,53.7,55,Warning,Light too low,Turn on the LED light or increase room lighting.,ON,Uncomfortable,too_dark,Warning,Turn on the LED light or increase room lighting.,Live sensor data
2026-05-15 21:20:36,Room_A01,25.2,53.8,55,Warning,Light too low,Turn on the LED light or increase room lighting.,ON,Uncomfortable,too_dark,Warning,Turn on the LED light or increase room lighting.,Live sensor data
2026-05-15 21:20:39,Room_A01,25.2,53.8,55,Warning,Light too low,Turn on the LED light or increase room lighting.,ON,Uncomfortable,too_dark,Warning,Turn on the LED light or increase room lighting.,Live sensor data
2026-05-15 21:20:42,Room_A01,25.2,53.8,54,Warning,Light too low,Turn on the LED light or increase room lighting.,ON,Uncomfortable,too_dark,Warning,Turn on the LED light or increase room lighting.,Live sensor data
2026-05-15 21:20:45,Room_A01,25.2,53.8,54,Warning,Light too low,Turn on the LED light or increase room lighting.,ON,Uncomfortable,too_dark,Warning,Turn on the LED light or increase room lighting.,Live sensor data
2026-05-15 21:20:48,Room_A01,25.2,53.8,54,Warning,Light too low,Turn on the LED light or increase room lighting.,ON,Uncomfortable,too_dark,Warning,Turn on the LED light or increase room lighting.,Live sensor data
2026-05-15 21:20:51,Room_A01,25.2,53.8,54,Warning,Light too low,Turn on the LED light or increase room lighting.,ON,Uncomfortable,too_dark,Warning,Turn on the LED light or increase room lighting.,Live sensor data
2026-05-15 21:20:54,Room_A01,25.2,53.7,54,Warning,Light too low,Turn on the LED light or increase room lighting.,ON,Uncomfortable,too_dark,Warning,Turn on the LED light or increase room lighting.,Live sensor data
2026-05-15 21:20:57,Room_A01,25.2,53.8,55,Warning,Light too low,Turn on the LED light or increase room lighting.,ON,Uncomfortable,too_dark,Warning,Turn on the LED light or increase room lighting.,Live sensor data
2026-05-15 21:21:01,Room_A01,25.3,53.8,54,Warning,Light too low,Turn on the LED light or increase room lighting.,ON,Uncomfortable,too_dark,Warning,Turn on the LED light or increase room lighting.,Live sensor data
2026-05-15 21:21:04,Room_A01,25.2,53.9,54,Warning,Light too low,Turn on the LED light or increase room lighting.,ON,Uncomfortable,too_dark,Warning,Turn on the LED light or increase room lighting.,Live sensor data
2026-05-15 21:21:07,Room_A01,25.3,53.9,54,Warning,Light too low,Turn on the LED light or increase room lighting.,ON,Uncomfortable,too_dark,Warning,Turn on the LED light or increase room lighting.,Live sensor data
2026-05-15 21:21:10,Room_A01,25.2,53.8,54,Warning,Light too low,Turn on the LED light or increase room lighting.,ON,Uncomfortable,too_dark,Warning,Turn on the LED light or increase room lighting.,Live sensor data
2026-05-15 21:21:13,Room_A01,25.3,53.9,54,Warning,Light too low,Turn on the LED light or increase room lighting.,ON,Uncomfortable,too_dark,Warning,Turn on the LED light or increase room lighting.,Live sensor data
2026-05-15 21:21:16,Room_A01,25.2,53.8,54,Warning,Light too low,Turn on the LED light or increase room lighting.,ON,Uncomfortable,too_dark,Warning,Turn on the LED light or increase room lighting.,Live sensor data
2026-05-15 21:21:19,Room_A01,25.3,53.9,53,Warning,Light too low,Turn on the LED light or increase room lighting.,ON,Uncomfortable,too_dark,Warning,Turn on the LED light or increase room lighting.,Live sensor data
2026-05-15 21:21:22,Room_A01,25.3,53.9,53,Warning,Light too low,Turn on the LED light or increase room lighting.,ON,Uncomfortable,too_dark,Warning,Turn on the LED light or increase room lighting.,Live sensor data
2026-05-15 21:21:26,Room_A01,25.3,53.8,54,Warning,Light too low,Turn on the LED light or increase room lighting.,ON,Uncomfortable,too_dark,Warning,Turn on the LED light or increase room lighting.,Live sensor data
2026-05-15 21:21:29,Room_A01,25.3,53.9,54,Warning,Light too low,Turn on the LED light or increase room lighting.,ON,Uncomfortable,too_dark,Warning,Turn on the LED light or increase room lighting.,Live sensor data
2026-05-15 21:21:32,Room_A01,25.2,53.8,54,Warning,Light too low,Turn on the LED light or increase room lighting.,ON,Uncomfortable,too_dark,Warning,Turn on the LED light or increase room lighting.,Live sensor data
2026-05-15 21:21:35,Room_A01,25.3,53.8,55,Warning,Light too low,Turn on the LED light or increase room lighting.,ON,Uncomfortable,too_dark,Warning,Turn on the LED light or increase room lighting.,Live sensor data
2026-05-15 21:21:38,Room_A01,25.3,53.7,54,Warning,Light too low,Turn on the LED light or increase room lighting.,ON,Uncomfortable,too_dark,Warning,Turn on the LED light or increase room lighting.,Live sensor data
2026-05-15 21:21:41,Room_A01,25.3,53.8,54,Warning,Light too low,Turn on the LED light or increase room lighting.,ON,Uncomfortable,too_dark,Warning,Turn on the LED light or increase room lighting.,Live sensor data
2026-05-15 21:21:44,Room_A01,25.3,53.8,54,Warning,Light too low,Turn on the LED light or increase room lighting.,ON,Uncomfortable,too_dark,Warning,Turn on the LED light or increase room lighting.,Live sensor data
2026-05-15 21:21:48,Room_A01,25.3,53.8,55,Warning,Light too low,Turn on the LED light or increase room lighting.,ON,Uncomfortable,too_dark,Warning,Turn on the LED light or increase room lighting.,Live sensor data
2026-05-15 21:21:51,Room_A01,25.3,53.8,54,Warning,Light too low,Turn on the LED light or increase room lighting.,ON,Uncomfortable,too_dark,Warning,Turn on the LED light or increase room lighting.,Live sensor data
2026-05-15 21:21:54,Room_A01,25.3,53.8,53,Warning,Light too low,Turn on the LED light or increase room lighting.,ON,Uncomfortable,too_dark,Warning,Turn on the LED light or increase room lighting.,Live sensor data
2026-05-15 21:21:57,Room_A01,25.3,53.8,53,Warning,Light too low,Turn on the LED light or increase room lighting.,ON,Uncomfortable,too_dark,Warning,Turn on the LED light or increase room lighting.,Live sensor data
2026-05-15 21:22:00,Room_A01,25.3,53.9,53,Warning,Light too low,Turn on the LED light or increase room lighting.,ON,Uncomfortable,too_dark,Warning,Turn on the LED light or increase room lighting.,Live sensor data
2026-05-15 21:22:03,Room_A01,25.3,53.9,51,Warning,Light too low,Turn on the LED light or increase room lighting.,ON,Uncomfortable,too_dark,Warning,Turn on the LED light or increase room lighting.,Live sensor data
2026-05-15 21:22:06,Room_A01,25.3,53.8,52,Warning,Light too low,Turn on the LED light or increase room lighting.,ON,Uncomfortable,too_dark,Warning,Turn on the LED light or increase room lighting.,Live sensor data
2026-05-15 21:22:09,Room_A01,25.3,53.8,56,Warning,Light too low,Turn on the LED light or increase room lighting.,ON,Uncomfortable,too_dark,Warning,Turn on the LED light or increase room lighting.,Live sensor data
2026-05-15 21:22:13,Room_A01,25.3,53.8,55,Warning,Light too low,Turn on the LED light or increase room lighting.,ON,Uncomfortable,too_dark,Warning,Turn on the LED light or increase room lighting.,Live sensor data
2026-05-15 21:22:16,Room_A01,25.3,53.9,56,Warning,Light too low,Turn on the LED light or increase room lighting.,ON,Uncomfortable,too_dark,Warning,Turn on the LED light or increase room lighting.,Live sensor data
2026-05-15 21:22:19,Room_A01,25.3,53.6,55,Warning,Light too low,Turn on the LED light or increase room lighting.,ON,Uncomfortable,too_dark,Warning,Turn on the LED light or increase room lighting.,Live sensor data
2026-05-15 21:22:22,Room_A01,25.3,53.7,55,Warning,Light too low,Turn on the LED light or increase room lighting.,ON,Uncomfortable,too_dark,Warning,Turn on the LED light or increase room lighting.,Live sensor data
2026-05-15 21:22:25,Room_A01,25.3,53.9,56,Warning,Light too low,Turn on the LED light or increase room lighting.,ON,Uncomfortable,too_dark,Warning,Turn on the LED light or increase room lighting.,Live sensor data
2026-05-15 21:22:28,Room_A01,25.3,53.7,55,Warning,Light too low,Turn on the LED light or increase room lighting.,ON,Uncomfortable,too_dark,Warning,Turn on the LED light or increase room lighting.,Live sensor data
2026-05-15 21:22:31,Room_A01,25.3,53.6,55,Warning,Light too low,Turn on the LED light or increase room lighting.,ON,Uncomfortable,too_dark,Warning,Turn on the LED light or increase room lighting.,Live sensor data
2026-05-15 21:22:34,Room_A01,25.3,53.5,55,Warning,Light too low,Turn on the LED light or increase room lighting.,ON,Uncomfortable,too_dark,Warning,Turn on the LED light or increase room lighting.,Live sensor data
2026-05-15 21:22:38,Room_A01,25.3,53.6,55,Warning,Light too low,Turn on the LED light or increase room lighting.,ON,Uncomfortable,too_dark,Warning,Turn on the LED light or increase room lighting.,Live sensor data
2026-05-15 21:22:41,Room_A01,25.3,53.4,52,Warning,Light too low,Turn on the LED light or increase room lighting.,ON,Uncomfortable,too_dark,Warning,Turn on the LED light or increase room lighting.,Live sensor data
2026-05-15 21:22:44,Room_A01,25.3,53.5,62,Warning,Light too low,Turn on the LED light or increase room lighting.,ON,Uncomfortable,too_dark,Warning,Turn on the LED light or increase room lighting.,Live sensor data
2026-05-15 21:22:47,Room_A01,25.3,53.4,59,Warning,Light too low,Turn on the LED light or increase room lighting.,ON,Uncomfortable,too_dark,Warning,Turn on the LED light or increase room lighting.,Live sensor data
2026-05-15 21:22:50,Room_A01,25.3,53.7,59,Warning,Light too low,Turn on the LED light or increase room lighting.,ON,Uncomfortable,too_dark,Warning,Turn on the LED light or increase room lighting.,Live sensor data
2026-05-15 21:22:53,Room_A01,25.3,53.8,65,Warning,Light too low,Turn on the LED light or increase room lighting.,ON,Uncomfortable,too_dark,Warning,Turn on the LED light or increase room lighting.,Live sensor data
2026-05-15 21:22:56,Room_A01,25.3,53.7,64,Warning,Light too low,Turn on the LED light or increase room lighting.,ON,Uncomfortable,too_dark,Warning,Turn on the LED light or increase room lighting.,Live sensor data
2026-05-15 21:23:02,Room_A01,25.3,53.9,55,Warning,Light too low,Turn on the LED light or increase room lighting.,ON,Uncomfortable,too_dark,Warning,Turn on the LED light or increase room lighting.,Live sensor data
2026-05-15 21:23:05,Room_A01,25.3,53.8,72,Warning,Light too low,Turn on the LED light or increase room lighting.,ON,Uncomfortable,too_dark,Warning,Turn on the LED light or increase room lighting.,Live sensor data
2026-05-15 21:23:08,Room_A01,25.3,53.7,60,Warning,Light too low,Turn on the LED light or increase room lighting.,ON,Uncomfortable,too_dark,Warning,Turn on the LED light or increase room lighting.,Live sensor data
2026-05-15 21:23:11,Room_A01,25.3,53.6,55,Warning,Light too low,Turn on the LED light or increase room lighting.,ON,Uncomfortable,too_dark,Warning,Turn on the LED light or increase room lighting.,Live sensor data
2026-05-15 21:23:14,Room_A01,25.3,53.6,54,Warning,Light too low,Turn on the LED light or increase room lighting.,ON,Uncomfortable,too_dark,Warning,Turn on the LED light or increase room lighting.,Live sensor data
2026-05-15 21:23:17,Room_A01,25.2,53.5,48,Warning,Light too low,Turn on the LED light or increase room lighting.,ON,Uncomfortable,too_dark,Warning,Turn on the LED light or increase room lighting.,Live sensor data
2026-05-15 21:23:21,Room_A01,25.3,53.8,49,Warning,Light too low,Turn on the LED light or increase room lighting.,ON,Uncomfortable,too_dark,Warning,Turn on the LED light or increase room lighting.,Live sensor data
2026-05-15 21:23:24,Room_A01,25.3,54.3,49,Warning,Light too low,Turn on the LED light or increase room lighting.,ON,Uncomfortable,too_dark,Warning,Turn on the LED light or increase room lighting.,Live sensor data
2026-05-15 21:23:27,Room_A01,25.3,54.4,77,Warning,Light too low,Turn on the LED light or increase room lighting.,ON,Uncomfortable,too_dark,Warning,Turn on the LED light or increase room lighting.,Live sensor data
2026-05-15 21:23:30,Room_A01,25.3,54.4,76,Warning,Light too low,Turn on the LED light or increase room lighting.,ON,Uncomfortable,too_dark,Warning,Turn on the LED light or increase room lighting.,Live sensor data
2026-05-15 21:23:33,Room_A01,25.3,54.3,71,Warning,Light too low,Turn on the LED light or increase room lighting.,ON,Uncomfortable,too_dark,Warning,Turn on the LED light or increase room lighting.,Live sensor data
2026-05-15 21:23:39,Room_A01,25.3,54.2,22,Warning,Light too low,Turn on the LED light or increase room lighting.,ON,Uncomfortable,too_dark,Warning,Turn on the LED light or increase room lighting.,Live sensor data
2026-05-15 21:23:42,Room_A01,25.3,54.2,72,Warning,Light too low,Turn on the LED light or increase room lighting.,ON,Uncomfortable,too_dark,Warning,Turn on the LED light or increase room lighting.,Live sensor data
2026-05-15 21:23:45,Room_A01,25.3,53.9,71,Warning,Light too low,Turn on the LED light or increase room lighting.,ON,Uncomfortable,too_dark,Warning,Turn on the LED light or increase room lighting.,Live sensor data
2026-05-15 21:23:48,Room_A01,25.3,53.9,71,Warning,Light too low,Turn on the LED light or increase room lighting.,ON,Uncomfortable,too_dark,Warning,Turn on the LED light or increase room lighting.,Live sensor data
2026-05-15 21:23:52,Room_A01,25.3,53.8,89,Warning,Light too low,Turn on the LED light or increase room lighting.,ON,Uncomfortable,too_dark,Warning,Turn on the LED light or increase room lighting.,Live sensor data
2026-05-15 21:23:55,Room_A01,25.3,53.9,90,Warning,Light too low,Turn on the LED light or increase room lighting.,ON,Uncomfortable,too_dark,Warning,Turn on the LED light or increase room lighting.,Live sensor data
2026-05-15 21:23:58,Room_A01,25.3,53.9,77,Warning,Light too low,Turn on the LED light or increase room lighting.,ON,Uncomfortable,too_dark,Warning,Turn on the LED light or increase room lighting.,Live sensor data
2026-05-15 21:24:01,Room_A01,25.3,53.8,68,Warning,Light too low,Turn on the LED light or increase room lighting.,ON,Uncomfortable,too_dark,Warning,Turn on the LED light or increase room lighting.,Live sensor data
2026-05-15 21:24:04,Room_A01,25.3,53.8,65,Warning,Light too low,Turn on the LED light or increase room lighting.,ON,Uncomfortable,too_dark,Warning,Turn on the LED light or increase room lighting.,Live sensor data
2026-05-15 21:24:07,Room_A01,25.3,53.6,81,Warning,Light too low,Turn on the LED light or increase room lighting.,ON,Uncomfortable,too_dark,Warning,Turn on the LED light or increase room lighting.,Live sensor data
2026-05-15 21:24:10,Room_A01,25.3,53.7,75,Warning,Light too low,Turn on the LED light or increase room lighting.,ON,Uncomfortable,too_dark,Warning,Turn on the LED light or increase room lighting.,Live sensor data
2026-05-15 21:24:13,Room_A01,25.3,53.7,68,Warning,Light too low,Turn on the LED light or increase room lighting.,ON,Uncomfortable,too_dark,Warning,Turn on the LED light or increase room lighting.,Live sensor data
2026-05-15 21:24:17,Room_A01,25.3,53.5,66,Warning,Light too low,Turn on the LED light or increase room lighting.,ON,Uncomfortable,too_dark,Warning,Turn on the LED light or increase room lighting.,Live sensor data
2026-05-15 21:24:20,Room_A01,25.4,53.4,86,Warning,Light too low,Turn on the LED light or increase room lighting.,ON,Uncomfortable,too_dark,Warning,Turn on the LED light or increase room lighting.,Live sensor data
2026-05-15 21:24:23,Room_A01,25.4,53.3,69,Warning,Light too low,Turn on the LED light or increase room lighting.,ON,Uncomfortable,too_dark,Warning,Turn on the LED light or increase room lighting.,Live sensor data
2026-05-15 21:24:26,Room_A01,25.3,53.3,67,Warning,Light too low,Turn on the LED light or increase room lighting.,ON,Uncomfortable,too_dark,Warning,Turn on the LED light or increase room lighting.,Live sensor data
2026-05-15 21:24:29,Room_A01,25.4,53.3,72,Warning,Light too low,Turn on the LED light or increase room lighting.,ON,Uncomfortable,too_dark,Warning,Turn on the LED light or increase room lighting.,Live sensor data
2026-05-15 21:24:32,Room_A01,25.4,53.3,66,Warning,Light too low,Turn on the LED light or increase room lighting.,ON,Uncomfortable,too_dark,Warning,Turn on the LED light or increase room lighting.,Live sensor data
2026-05-15 21:24:35,Room_A01,25.4,53.3,75,Warning,Light too low,Turn on the LED light or increase room lighting.,ON,Uncomfortable,too_dark,Warning,Turn on the LED light or increase room lighting.,Live sensor data
2026-05-15 21:24:39,Room_A01,25.4,53.1,60,Warning,Light too low,Turn on the LED light or increase room lighting.,ON,Uncomfortable,too_dark,Warning,Turn on the LED light or increase room lighting.,Live sensor data
2026-05-15 21:24:42,Room_A01,25.4,53.0,79,Warning,Light too low,Turn on the LED light or increase room lighting.,ON,Uncomfortable,too_dark,Warning,Turn on the LED light or increase room lighting.,Live sensor data
2026-05-15 21:24:45,Room_A01,25.3,52.9,58,Warning,Light too low,Turn on the LED light or increase room lighting.,ON,Uncomfortable,too_dark,Warning,Turn on the LED light or increase room lighting.,Live sensor data
2026-05-15 21:24:48,Room_A01,25.4,52.9,75,Warning,Light too low,Turn on the LED light or increase room lighting.,ON,Uncomfortable,too_dark,Warning,Turn on the LED light or increase room lighting.,Live sensor data
2026-05-15 21:24:51,Room_A01,25.4,52.9,65,Warning,Light too low,Turn on the LED light or increase room lighting.,ON,Uncomfortable,too_dark,Warning,Turn on the LED light or increase room lighting.,Live sensor data
2026-05-15 21:24:54,Room_A01,25.3,52.9,75,Warning,Light too low,Turn on the LED light or increase room lighting.,ON,Uncomfortable,too_dark,Warning,Turn on the LED light or increase room lighting.,Live sensor data
2026-05-15 21:24:57,Room_A01,25.3,52.8,64,Warning,Light too low,Turn on the LED light or increase room lighting.,ON,Uncomfortable,too_dark,Warning,Turn on the LED light or increase room lighting.,Live sensor data
2026-05-15 21:25:00,Room_A01,25.3,52.8,76,Warning,Light too low,Turn on the LED light or increase room lighting.,ON,Uncomfortable,too_dark,Warning,Turn on the LED light or increase room lighting.,Live sensor data
2026-05-15 21:25:04,Room_A01,25.3,52.8,60,Warning,Light too low,Turn on the LED light or increase room lighting.,ON,Uncomfortable,too_dark,Warning,Turn on the LED light or increase room lighting.,Live sensor data
2026-05-15 21:25:07,Room_A01,25.3,52.7,83,Warning,Light too low,Turn on the LED light or increase room lighting.,ON,Uncomfortable,too_dark,Warning,Turn on the LED light or increase room lighting.,Live sensor data
2026-05-15 21:25:10,Room_A01,25.3,52.7,60,Warning,Light too low,Turn on the LED light or increase room lighting.,ON,Uncomfortable,too_dark,Warning,Turn on the LED light or increase room lighting.,Live sensor data
2026-05-15 21:25:13,Room_A01,25.3,52.7,83,Warning,Light too low,Turn on the LED light or increase room lighting.,ON,Uncomfortable,too_dark,Warning,Turn on the LED light or increase room lighting.,Live sensor data
2026-05-15 21:25:16,Room_A01,25.3,52.6,64,Warning,Light too low,Turn on the LED light or increase room lighting.,ON,Uncomfortable,too_dark,Warning,Turn on the LED light or increase room lighting.,Live sensor data
2026-05-15 21:25:19,Room_A01,25.3,52.6,77,Warning,Light too low,Turn on the LED light or increase room lighting.,ON,Uncomfortable,too_dark,Warning,Turn on the LED light or increase room lighting.,Live sensor data
2026-05-15 21:25:22,Room_A01,25.3,52.6,64,Warning,Light too low,Turn on the LED light or increase room lighting.,ON,Uncomfortable,too_dark,Warning,Turn on the LED light or increase room lighting.,Live sensor data
2026-05-15 21:25:25,Room_A01,25.3,52.6,69,Warning,Light too low,Turn on the LED light or increase room lighting.,ON,Uncomfortable,too_dark,Warning,Turn on the LED light or increase room lighting.,Live sensor data
2026-05-15 21:25:29,Room_A01,25.3,52.5,66,Warning,Light too low,Turn on the LED light or increase room lighting.,ON,Uncomfortable,too_dark,Warning,Turn on the LED light or increase room lighting.,Live sensor data
2026-05-15 21:25:32,Room_A01,25.3,52.5,78,Warning,Light too low,Turn on the LED light or increase room lighting.,ON,Uncomfortable,too_dark,Warning,Turn on the LED light or increase room lighting.,Live sensor data
2026-05-15 21:25:35,Room_A01,25.3,52.5,92,Warning,Light too low,Turn on the LED light or increase room lighting.,ON,Uncomfortable,too_dark,Warning,Turn on the LED light or increase room lighting.,Live sensor data
2026-05-15 21:25:38,Room_A01,25.3,52.5,70,Warning,Light too low,Turn on the LED light or increase room lighting.,ON,Uncomfortable,too_dark,Warning,Turn on the LED light or increase room lighting.,Live sensor data
2026-05-15 21:25:41,Room_A01,25.3,52.5,76,Warning,Light too low,Turn on the LED light or increase room lighting.,ON,Uncomfortable,too_dark,Warning,Turn on the LED light or increase room lighting.,Live sensor data
2026-05-15 21:25:44,Room_A01,25.4,52.5,74,Warning,Light too low,Turn on the LED light or increase room lighting.,ON,Uncomfortable,too_dark,Warning,Turn on the LED light or increase room lighting.,Live sensor data
2026-05-15 21:25:47,Room_A01,25.4,52.5,65,Warning,Light too low,Turn on the LED light or increase room lighting.,ON,Uncomfortable,too_dark,Warning,Turn on the LED light or increase room lighting.,Live sensor data
2026-05-15 21:25:50,Room_A01,25.4,52.5,81,Warning,Light too low,Turn on the LED light or increase room lighting.,ON,Uncomfortable,too_dark,Warning,Turn on the LED light or increase room lighting.,Live sensor data
2026-05-15 21:25:54,Room_A01,25.4,52.4,73,Warning,Light too low,Turn on the LED light or increase room lighting.,ON,Uncomfortable,too_dark,Warning,Turn on the LED light or increase room lighting.,Live sensor data
2026-05-15 21:25:57,Room_A01,25.4,52.3,70,Warning,Light too low,Turn on the LED light or increase room lighting.,ON,Uncomfortable,too_dark,Warning,Turn on the LED light or increase room lighting.,Live sensor data
2026-05-15 21:26:00,Room_A01,25.4,52.2,85,Warning,Light too low,Turn on the LED light or increase room lighting.,ON,Uncomfortable,too_dark,Warning,Turn on the LED light or increase room lighting.,Live sensor data
2026-05-15 21:26:03,Room_A01,25.4,52.2,72,Warning,Light too low,Turn on the LED light or increase room lighting.,ON,Uncomfortable,too_dark,Warning,Turn on the LED light or increase room lighting.,Live sensor data
2026-05-15 21:26:06,Room_A01,25.4,52.3,72,Warning,Light too low,Turn on the LED light or increase room lighting.,ON,Uncomfortable,too_dark,Warning,Turn on the LED light or increase room lighting.,Live sensor data
2026-05-15 21:26:09,Room_A01,25.4,52.1,83,Warning,Light too low,Turn on the LED light or increase room lighting.,ON,Uncomfortable,too_dark,Warning,Turn on the LED light or increase room lighting.,Live sensor data
2026-05-15 21:26:12,Room_A01,25.4,52.2,78,Warning,Light too low,Turn on the LED light or increase room lighting.,ON,Uncomfortable,too_dark,Warning,Turn on the LED light or increase room lighting.,Live sensor data
2026-05-15 21:26:16,Room_A01,25.4,52.2,64,Warning,Light too low,Turn on the LED light or increase room lighting.,ON,Uncomfortable,too_dark,Warning,Turn on the LED light or increase room lighting.,Live sensor data
2026-05-15 21:26:19,Room_A01,25.4,52.2,70,Warning,Light too low,Turn on the LED light or increase room lighting.,ON,Uncomfortable,too_dark,Warning,Turn on the LED light or increase room lighting.,Live sensor data
2026-05-15 21:26:22,Room_A01,25.4,52.0,80,Warning,Light too low,Turn on the LED light or increase room lighting.,ON,Uncomfortable,too_dark,Warning,Turn on the LED light or increase room lighting.,Live sensor data
2026-05-15 21:26:25,Room_A01,25.4,52.1,59,Warning,Light too low,Turn on the LED light or increase room lighting.,ON,Uncomfortable,too_dark,Warning,Turn on the LED light or increase room lighting.,Live sensor data
2026-05-15 21:26:28,Room_A01,25.4,52.0,59,Warning,Light too low,Turn on the LED light or increase room lighting.,ON,Uncomfortable,too_dark,Warning,Turn on the LED light or increase room lighting.,Live sensor data
2026-05-15 21:26:31,Room_A01,25.4,52.1,70,Warning,Light too low,Turn on the LED light or increase room lighting.,ON,Uncomfortable,too_dark,Warning,Turn on the LED light or increase room lighting.,Live sensor data
2026-05-15 21:26:34,Room_A01,25.4,52.0,76,Warning,Light too low,Turn on the LED light or increase room lighting.,ON,Uncomfortable,too_dark,Warning,Turn on the LED light or increase room lighting.,Live sensor data
2026-05-15 21:26:37,Room_A01,25.4,51.9,60,Warning,Light too low,Turn on the LED light or increase room lighting.,ON,Uncomfortable,too_dark,Warning,Turn on the LED light or increase room lighting.,Live sensor data
2026-05-15 21:26:41,Room_A01,25.4,52.0,58,Warning,Light too low,Turn on the LED light or increase room lighting.,ON,Uncomfortable,too_dark,Warning,Turn on the LED light or increase room lighting.,Live sensor data
2026-05-15 21:26:44,Room_A01,25.4,52.0,65,Warning,Light too low,Turn on the LED light or increase room lighting.,ON,Uncomfortable,too_dark,Warning,Turn on the LED light or increase room lighting.,Live sensor data
2026-05-15 21:26:47,Room_A01,25.4,52.0,90,Warning,Light too low,Turn on the LED light or increase room lighting.,ON,Uncomfortable,too_dark,Warning,Turn on the LED light or increase room lighting.,Live sensor data
2026-05-15 21:26:50,Room_A01,25.4,51.9,74,Warning,Light too low,Turn on the LED light or increase room lighting.,ON,Uncomfortable,too_dark,Warning,Turn on the LED light or increase room lighting.,Live sensor data
2026-05-15 21:26:53,Room_A01,25.4,51.9,69,Warning,Light too low,Turn on the LED light or increase room lighting.,ON,Uncomfortable,too_dark,Warning,Turn on the LED light or increase room lighting.,Live sensor data
2026-05-15 21:26:56,Room_A01,25.4,51.9,70,Warning,Light too low,Turn on the LED light or increase room lighting.,ON,Uncomfortable,too_dark,Warning,Turn on the LED light or increase room lighting.,Live sensor data
2026-05-15 21:26:59,Room_A01,25.4,51.8,74,Warning,Light too low,Turn on the LED light or increase room lighting.,ON,Uncomfortable,too_dark,Warning,Turn on the LED light or increase room lighting.,Live sensor data
2026-05-15 21:27:02,Room_A01,25.4,51.8,96,Warning,Light too low,Turn on the LED light or increase room lighting.,ON,Uncomfortable,too_dark,Warning,Turn on the LED light or increase room lighting.,Live sensor data
2026-05-15 21:27:06,Room_A01,25.4,51.8,85,Warning,Light too low,Turn on the LED light or increase room lighting.,ON,Uncomfortable,too_dark,Warning,Turn on the LED light or increase room lighting.,Live sensor data
2026-05-15 21:27:09,Room_A01,25.4,51.9,101,Warning,Light too low,Turn on the LED light or increase room lighting.,ON,Uncomfortable,too_dark,Warning,Turn on the LED light or increase room lighting.,Live sensor data
2026-05-15 21:27:12,Room_A01,25.4,51.9,95,Warning,Light too low,Turn on the LED light or increase room lighting.,ON,Uncomfortable,too_dark,Warning,Turn on the LED light or increase room lighting.,Live sensor data
2026-05-15 21:27:15,Room_A01,25.4,51.9,97,Warning,Light too low,Turn on the LED light or increase room lighting.,ON,Uncomfortable,too_dark,Warning,Turn on the LED light or increase room lighting.,Live sensor data
2026-05-15 21:27:18,Room_A01,25.4,51.9,91,Warning,Light too low,Turn on the LED light or increase room lighting.,ON,Uncomfortable,too_dark,Warning,Turn on the LED light or increase room lighting.,Live sensor data
2026-05-15 21:27:21,Room_A01,25.4,51.9,88,Warning,Light too low,Turn on the LED light or increase room lighting.,ON,Uncomfortable,too_dark,Warning,Turn on the LED light or increase room lighting.,Live sensor data
2026-05-15 21:27:24,Room_A01,25.4,51.9,90,Warning,Light too low,Turn on the LED light or increase room lighting.,ON,Uncomfortable,too_dark,Warning,Turn on the LED light or increase room lighting.,Live sensor data
2026-05-15 21:27:32,Room_A01,25.4,51.6,10,Warning,Light too low,Turn on the LED light or increase room lighting.,ON,Uncomfortable,too_dark,Warning,Turn on the LED light or increase room lighting.,Live sensor data
2026-05-15 21:27:35,Room_A01,25.4,51.7,88,Warning,Light too low,Turn on the LED light or increase room lighting.,ON,Uncomfortable,too_dark,Warning,Turn on the LED light or increase room lighting.,Live sensor data
2026-05-15 21:27:48,Room_A01,25.4,52.1,21,Warning,Light too low,Turn on the LED light or increase room lighting.,ON,Uncomfortable,too_dark,Warning,Turn on the LED light or increase room lighting.,Live sensor data
2026-05-15 22:00:24,Room_A01,25.6,54.5,7,Warning,Light too low,Turn on the LED light or increase room lighting.,ON,Uncomfortable,too_dark,Warning,Turn on the LED light or increase room lighting.,Live sensor data
2026-05-17 17:58:20,Room_A01,24.2,48.0,54,Warning,Light too low,Turn on the LED light or increase room lighting.,ON,Uncomfortable,too_dark,Warning,Turn on the LED light or increase room lighting.,Live sensor data
2026-05-17 17:58:23,Room_A01,24.3,48.1,132,Warning,Light too low,Turn on the LED light or increase room lighting.,ON,Uncomfortable,too_dark,Warning,Turn on the LED light or increase room lighting.,Live sensor data
2026-05-17 17:58:26,Room_A01,24.3,48.2,133,Warning,Light too low,Turn on the LED light or increase room lighting.,ON,Uncomfortable,too_dark,Warning,Turn on the LED light or increase room lighting.,Live sensor data
2026-05-17 17:58:33,Room_A01,24.3,48.6,57,Warning,Light too low,Turn on the LED light or increase room lighting.,ON,Uncomfortable,too_dark,Warning,Turn on the LED light or increase room lighting.,Live sensor data
2026-05-17 17:58:36,Room_A01,24.3,48.6,145,Warning,Light too low,Turn on the LED light or increase room lighting.,ON,Uncomfortable,too_dark,Warning,Turn on the LED light or increase room lighting.,Live sensor data
2026-05-17 17:59:29,Room_A01,24.5,48.6,156,Warning,Light too low,Turn on the LED light or increase room lighting.,ON,Uncomfortable,too_dark,Warning,Turn on the LED light or increase room lighting.,Live sensor data
2026-05-17 17:59:32,Room_A01,24.5,48.8,132,Warning,Light too low,Turn on the LED light or increase room lighting.,ON,Uncomfortable,too_dark,Warning,Turn on the LED light or increase room lighting.,Live sensor data
2026-05-17 17:59:36,Room_A01,24.5,48.3,126,Warning,Light too low,Turn on the LED light or increase room lighting.,ON,Uncomfortable,too_dark,Warning,Turn on the LED light or increase room lighting.,Live sensor data
2026-05-17 17:59:39,Room_A01,24.5,48.4,157,Warning,Light too low,Turn on the LED light or increase room lighting.,ON,Uncomfortable,too_dark,Warning,Turn on the LED light or increase room lighting.,Live sensor data
2026-05-17 17:59:42,Room_A01,24.6,48.4,149,Warning,Light too low,Turn on the LED light or increase room lighting.,ON,Uncomfortable,too_dark,Warning,Turn on the LED light or increase room lighting.,Live sensor data
2026-05-17 17:59:45,Room_A01,24.5,48.3,132,Warning,Light too low,Turn on the LED light or increase room lighting.,ON,Uncomfortable,too_dark,Warning,Turn on the LED light or increase room lighting.,Live sensor data
2026-05-17 17:59:48,Room_A01,24.6,48.4,121,Warning,Light too low,Turn on the LED light or increase room lighting.,ON,Uncomfortable,too_dark,Warning,Turn on the LED light or increase room lighting.,Live sensor data
2026-05-17 17:59:51,Room_A01,24.6,47.9,129,Warning,Light too low,Turn on the LED light or increase room lighting.,ON,Uncomfortable,too_dark,Warning,Turn on the LED light or increase room lighting.,Live sensor data
2026-05-17 17:59:54,Room_A01,24.6,48.1,115,Warning,Light too low,Turn on the LED light or increase room lighting.,ON,Uncomfortable,too_dark,Warning,Turn on the LED light or increase room lighting.,Live sensor data
2026-05-17 17:59:57,Room_A01,24.6,47.8,135,Warning,Light too low,Turn on the LED light or increase room lighting.,ON,Uncomfortable,too_dark,Warning,Turn on the LED light or increase room lighting.,Live sensor data
2026-05-17 18:00:01,Room_A01,24.6,47.7,174,Warning,Light too low,Turn on the LED light or increase room lighting.,ON,Uncomfortable,too_dark,Warning,Turn on the LED light or increase room lighting.,Live sensor data
2026-05-17 18:00:04,Room_A01,24.6,47.9,156,Warning,Light too low,Turn on the LED light or increase room lighting.,ON,Uncomfortable,too_dark,Warning,Turn on the LED light or increase room lighting.,Live sensor data
2026-05-17 18:00:07,Room_A01,24.6,47.7,127,Warning,Light too low,Turn on the LED light or increase room lighting.,ON,Uncomfortable,too_dark,Warning,Turn on the LED light or increase room lighting.,Live sensor data
2026-05-17 18:00:10,Room_A01,24.6,47.6,126,Warning,Light too low,Turn on the LED light or increase room lighting.,ON,Uncomfortable,too_dark,Warning,Turn on the LED light or increase room lighting.,Live sensor data
2026-05-17 18:00:13,Room_A01,24.6,47.6,165,Warning,Light too low,Turn on the LED light or increase room lighting.,ON,Uncomfortable,too_dark,Warning,Turn on the LED light or increase room lighting.,Live sensor data
2026-05-17 18:00:16,Room_A01,24.6,47.6,175,Warning,Light too low,Turn on the LED light or increase room lighting.,ON,Uncomfortable,too_dark,Warning,Turn on the LED light or increase room lighting.,Live sensor data
2026-05-17 18:00:19,Room_A01,24.6,47.7,174,Warning,Light too low,Turn on the LED light or increase room lighting.,ON,Uncomfortable,too_dark,Warning,Turn on the LED light or increase room lighting.,Live sensor data
2026-05-17 18:00:22,Room_A01,24.6,47.9,159,Warning,Light too low,Turn on the LED light or increase room lighting.,ON,Uncomfortable,too_dark,Warning,Turn on the LED light or increase room lighting.,Live sensor data
2026-05-17 18:00:26,Room_A01,24.6,47.8,132,Warning,Light too low,Turn on the LED light or increase room lighting.,ON,Uncomfortable,too_dark,Warning,Turn on the LED light or increase room lighting.,Live sensor data
2026-05-17 18:00:29,Room_A01,24.6,48.2,125,Warning,Light too low,Turn on the LED light or increase room lighting.,ON,Uncomfortable,too_dark,Warning,Turn on the LED light or increase room lighting.,Live sensor data
2026-05-17 18:00:32,Room_A01,24.6,47.7,131,Warning,Light too low,Turn on the LED light or increase room lighting.,ON,Uncomfortable,too_dark,Warning,Turn on the LED light or increase room lighting.,Live sensor data
2026-05-17 18:00:35,Room_A01,24.6,47.7,157,Warning,Light too low,Turn on the LED light or increase room lighting.,ON,Uncomfortable,too_dark,Warning,Turn on the LED light or increase room lighting.,Live sensor data
2026-05-17 18:00:38,Room_A01,24.6,47.9,155,Warning,Light too low,Turn on the LED light or increase room lighting.,ON,Uncomfortable,too_dark,Warning,Turn on the LED light or increase room lighting.,Live sensor data
2026-05-17 18:00:41,Room_A01,24.6,47.8,159,Warning,Light too low,Turn on the LED light or increase room lighting.,ON,Uncomfortable,too_dark,Warning,Turn on the LED light or increase room lighting.,Live sensor data
2026-05-17 18:00:44,Room_A01,24.6,47.7,147,Warning,Light too low,Turn on the LED light or increase room lighting.,ON,Uncomfortable,too_dark,Warning,Turn on the LED light or increase room lighting.,Live sensor data
2026-05-17 18:00:48,Room_A01,24.6,48.0,148,Warning,Light too low,Turn on the LED light or increase room lighting.,ON,Uncomfortable,too_dark,Warning,Turn on the LED light or increase room lighting.,Live sensor data
2026-05-17 18:00:51,Room_A01,24.6,47.7,150,Warning,Light too low,Turn on the LED light or increase room lighting.,ON,Uncomfortable,too_dark,Warning,Turn on the LED light or increase room lighting.,Live sensor data
2026-05-17 18:00:54,Room_A01,24.6,47.6,159,Warning,Light too low,Turn on the LED light or increase room lighting.,ON,Uncomfortable,too_dark,Warning,Turn on the LED light or increase room lighting.,Live sensor data
2026-05-17 18:00:57,Room_A01,24.6,47.7,130,Warning,Light too low,Turn on the LED light or increase room lighting.,ON,Uncomfortable,too_dark,Warning,Turn on the LED light or increase room lighting.,Live sensor data
2026-05-17 18:01:00,Room_A01,24.6,47.9,139,Warning,Light too low,Turn on the LED light or increase room lighting.,ON,Uncomfortable,too_dark,Warning,Turn on the LED light or increase room lighting.,Live sensor data
2026-05-17 18:01:03,Room_A01,24.6,47.9,169,Warning,Light too low,Turn on the LED light or increase room lighting.,ON,Uncomfortable,too_dark,Warning,Turn on the LED light or increase room lighting.,Live sensor data
2026-05-17 18:01:06,Room_A01,24.6,47.6,167,Warning,Light too low,Turn on the LED light or increase room lighting.,ON,Uncomfortable,too_dark,Warning,Turn on the LED light or increase room lighting.,Live sensor data
2026-05-17 18:01:09,Room_A01,24.6,47.5,172,Warning,Light too low,Turn on the LED light or increase room lighting.,ON,Uncomfortable,too_dark,Warning,Turn on the LED light or increase room lighting.,Live sensor data
2026-05-17 18:01:13,Room_A01,24.6,47.6,163,Warning,Light too low,Turn on the LED light or increase room lighting.,ON,Uncomfortable,too_dark,Warning,Turn on the LED light or increase room lighting.,Live sensor data
2026-05-17 18:01:16,Room_A01,24.6,47.7,144,Warning,Light too low,Turn on the LED light or increase room lighting.,ON,Uncomfortable,too_dark,Warning,Turn on the LED light or increase room lighting.,Live sensor data
2026-05-17 18:01:19,Room_A01,24.6,47.5,139,Warning,Light too low,Turn on the LED light or increase room lighting.,ON,Uncomfortable,too_dark,Warning,Turn on the LED light or increase room lighting.,Live sensor data
2026-05-17 18:01:22,Room_A01,24.6,47.9,147,Warning,Light too low,Turn on the LED light or increase room lighting.,ON,Uncomfortable,too_dark,Warning,Turn on the LED light or increase room lighting.,Live sensor data
2026-05-17 18:01:25,Room_A01,24.6,47.4,147,Warning,Light too low,Turn on the LED light or increase room lighting.,ON,Uncomfortable,too_dark,Warning,Turn on the LED light or increase room lighting.,Live sensor data
2026-05-17 18:01:28,Room_A01,24.6,47.5,143,Warning,Light too low,Turn on the LED light or increase room lighting.,ON,Uncomfortable,too_dark,Warning,Turn on the LED light or increase room lighting.,Live sensor data
2026-05-17 18:01:31,Room_A01,24.6,47.4,129,Warning,Light too low,Turn on the LED light or increase room lighting.,ON,Uncomfortable,too_dark,Warning,Turn on the LED light or increase room lighting.,Live sensor data
2026-05-17 18:01:34,Room_A01,24.6,47.9,125,Warning,Light too low,Turn on the LED light or increase room lighting.,ON,Uncomfortable,too_dark,Warning,Turn on the LED light or increase room lighting.,Live sensor data
2026-05-17 18:01:38,Room_A01,24.6,47.3,121,Warning,Light too low,Turn on the LED light or increase room lighting.,ON,Uncomfortable,too_dark,Warning,Turn on the LED light or increase room lighting.,Live sensor data
2026-05-17 18:01:41,Room_A01,24.6,47.4,124,Warning,Light too low,Turn on the LED light or increase room lighting.,ON,Uncomfortable,too_dark,Warning,Turn on the LED light or increase room lighting.,Live sensor data
2026-05-17 18:01:44,Room_A01,24.6,47.8,142,Warning,Light too low,Turn on the LED light or increase room lighting.,ON,Uncomfortable,too_dark,Warning,Turn on the LED light or increase room lighting.,Live sensor data
2026-05-17 18:01:47,Room_A01,24.6,47.5,142,Warning,Light too low,Turn on the LED light or increase room lighting.,ON,Uncomfortable,too_dark,Warning,Turn on the LED light or increase room lighting.,Live sensor data
2026-05-17 18:01:50,Room_A01,24.6,47.6,144,Warning,Light too low,Turn on the LED light or increase room lighting.,ON,Uncomfortable,too_dark,Warning,Turn on the LED light or increase room lighting.,Live sensor data
2026-05-17 18:01:53,Room_A01,24.6,47.9,128,Warning,Light too low,Turn on the LED light or increase room lighting.,ON,Uncomfortable,too_dark,Warning,Turn on the LED light or increase room lighting.,Live sensor data
2026-05-17 18:01:56,Room_A01,24.6,47.5,122,Warning,Light too low,Turn on the LED light or increase room lighting.,ON,Uncomfortable,too_dark,Warning,Turn on the LED light or increase room lighting.,Live sensor data
2026-05-17 18:02:00,Room_A01,24.6,47.9,124,Warning,Light too low,Turn on the LED light or increase room lighting.,ON,Uncomfortable,too_dark,Warning,Turn on the LED light or increase room lighting.,Live sensor data
2026-05-17 18:02:03,Room_A01,24.6,47.4,125,Warning,Light too low,Turn on the LED light or increase room lighting.,ON,Uncomfortable,too_dark,Warning,Turn on the LED light or increase room lighting.,Live sensor data
2026-05-17 18:02:06,Room_A01,24.6,47.9,145,Warning,Light too low,Turn on the LED light or increase room lighting.,ON,Uncomfortable,too_dark,Warning,Turn on the LED light or increase room lighting.,Live sensor data
2026-05-17 18:02:09,Room_A01,24.6,47.4,155,Warning,Light too low,Turn on the LED light or increase room lighting.,ON,Uncomfortable,too_dark,Warning,Turn on the LED light or increase room lighting.,Live sensor data
2026-05-17 18:02:12,Room_A01,24.6,47.6,153,Warning,Light too low,Turn on the LED light or increase room lighting.,ON,Uncomfortable,too_dark,Warning,Turn on the LED light or increase room lighting.,Live sensor data
2026-05-17 18:02:15,Room_A01,24.6,47.5,140,Warning,Light too low,Turn on the LED light or increase room lighting.,ON,Uncomfortable,too_dark,Warning,Turn on the LED light or increase room lighting.,Live sensor data
2026-05-17 18:02:18,Room_A01,24.6,47.3,169,Warning,Light too low,Turn on the LED light or increase room lighting.,ON,Uncomfortable,too_dark,Warning,Turn on the LED light or increase room lighting.,Live sensor data
2026-05-17 18:02:21,Room_A01,24.6,47.5,167,Warning,Light too low,Turn on the LED light or increase room lighting.,ON,Uncomfortable,too_dark,Warning,Turn on the LED light or increase room lighting.,Live sensor data
2026-05-17 18:02:25,Room_A01,24.6,47.5,162,Warning,Light too low,Turn on the LED light or increase room lighting.,ON,Uncomfortable,too_dark,Warning,Turn on the LED light or increase room lighting.,Live sensor data
2026-05-17 18:02:28,Room_A01,24.6,47.4,150,Warning,Light too low,Turn on the LED light or increase room lighting.,ON,Uncomfortable,too_dark,Warning,Turn on the LED light or increase room lighting.,Live sensor data
2026-05-17 18:02:31,Room_A01,24.6,47.6,143,Warning,Light too low,Turn on the LED light or increase room lighting.,ON,Uncomfortable,too_dark,Warning,Turn on the LED light or increase room lighting.,Live sensor data
2026-05-17 18:02:34,Room_A01,24.6,47.3,137,Warning,Light too low,Turn on the LED light or increase room lighting.,ON,Uncomfortable,too_dark,Warning,Turn on the LED light or increase room lighting.,Live sensor data
2026-05-17 18:02:37,Room_A01,24.6,47.3,140,Warning,Light too low,Turn on the LED light or increase room lighting.,ON,Uncomfortable,too_dark,Warning,Turn on the LED light or increase room lighting.,Live sensor data
2026-05-17 18:02:40,Room_A01,24.6,47.8,165,Warning,Light too low,Turn on the LED light or increase room lighting.,ON,Uncomfortable,too_dark,Warning,Turn on the LED light or increase room lighting.,Live sensor data
2026-05-17 18:02:43,Room_A01,24.6,47.5,160,Warning,Light too low,Turn on the LED light or increase room lighting.,ON,Uncomfortable,too_dark,Warning,Turn on the LED light or increase room lighting.,Live sensor data
2026-05-17 18:02:46,Room_A01,24.6,47.6,160,Warning,Light too low,Turn on the LED light or increase room lighting.,ON,Uncomfortable,too_dark,Warning,Turn on the LED light or increase room lighting.,Live sensor data
2026-05-17 18:02:50,Room_A01,24.6,47.5,137,Warning,Light too low,Turn on the LED light or increase room lighting.,ON,Uncomfortable,too_dark,Warning,Turn on the LED light or increase room lighting.,Live sensor data
2026-05-17 18:02:53,Room_A01,24.6,47.8,161,Warning,Light too low,Turn on the LED light or increase room lighting.,ON,Uncomfortable,too_dark,Warning,Turn on the LED light or increase room lighting.,Live sensor data
2026-05-17 18:02:56,Room_A01,24.6,47.5,146,Warning,Light too low,Turn on the LED light or increase room lighting.,ON,Uncomfortable,too_dark,Warning,Turn on the LED light or increase room lighting.,Live sensor data
2026-05-17 18:02:59,Room_A01,24.6,47.4,168,Warning,Light too low,Turn on the LED light or increase room lighting.,ON,Uncomfortable,too_dark,Warning,Turn on the LED light or increase room lighting.,Live sensor data
2026-05-17 18:03:02,Room_A01,24.6,47.5,145,Warning,Light too low,Turn on the LED light or increase room lighting.,ON,Uncomfortable,too_dark,Warning,Turn on the LED light or increase room lighting.,Live sensor data
2026-05-17 18:03:05,Room_A01,24.6,47.3,170,Warning,Light too low,Turn on the LED light or increase room lighting.,ON,Uncomfortable,too_dark,Warning,Turn on the LED light or increase room lighting.,Live sensor data
2026-05-17 18:03:08,Room_A01,24.6,47.5,155,Warning,Light too low,Turn on the LED light or increase room lighting.,ON,Uncomfortable,too_dark,Warning,Turn on the LED light or increase room lighting.,Live sensor data
2026-05-17 18:03:12,Room_A01,24.6,47.7,162,Warning,Light too low,Turn on the LED light or increase room lighting.,ON,Uncomfortable,too_dark,Warning,Turn on the LED light or increase room lighting.,Live sensor data
2026-05-17 18:03:15,Room_A01,24.6,47.5,161,Warning,Light too low,Turn on the LED light or increase room lighting.,ON,Uncomfortable,too_dark,Warning,Turn on the LED light or increase room lighting.,Live sensor data
2026-05-17 18:03:18,Room_A01,24.6,47.5,155,Warning,Light too low,Turn on the LED light or increase room lighting.,ON,Uncomfortable,too_dark,Warning,Turn on the LED light or increase room lighting.,Live sensor data
2026-05-17 18:03:21,Room_A01,24.6,47.7,166,Warning,Light too low,Turn on the LED light or increase room lighting.,ON,Uncomfortable,too_dark,Warning,Turn on the LED light or increase room lighting.,Live sensor data
2026-05-17 18:03:24,Room_A01,24.6,47.7,157,Warning,Light too low,Turn on the LED light or increase room lighting.,ON,Uncomfortable,too_dark,Warning,Turn on the LED light or increase room lighting.,Live sensor data
2026-05-17 18:03:27,Room_A01,24.6,47.5,143,Warning,Light too low,Turn on the LED light or increase room lighting.,ON,Uncomfortable,too_dark,Warning,Turn on the LED light or increase room lighting.,Live sensor data
2026-05-17 18:03:30,Room_A01,24.6,47.9,149,Warning,Light too low,Turn on the LED light or increase room lighting.,ON,Uncomfortable,too_dark,Warning,Turn on the LED light or increase room lighting.,Live sensor data
2026-05-17 18:03:33,Room_A01,24.6,47.5,141,Warning,Light too low,Turn on the LED light or increase room lighting.,ON,Uncomfortable,too_dark,Warning,Turn on the LED light or increase room lighting.,Live sensor data
2026-05-17 18:03:37,Room_A01,24.6,47.4,146,Warning,Light too low,Turn on the LED light or increase room lighting.,ON,Uncomfortable,too_dark,Warning,Turn on the LED light or increase room lighting.,Live sensor data
2026-05-17 18:03:40,Room_A01,24.6,47.7,144,Warning,Light too low,Turn on the LED light or increase room lighting.,ON,Uncomfortable,too_dark,Warning,Turn on the LED light or increase room lighting.,Live sensor data
2026-05-17 18:03:43,Room_A01,24.6,47.9,147,Warning,Light too low,Turn on the LED light or increase room lighting.,ON,Uncomfortable,too_dark,Warning,Turn on the LED light or increase room lighting.,Live sensor data
2026-05-17 18:03:46,Room_A01,24.6,47.6,156,Warning,Light too low,Turn on the LED light or increase room lighting.,ON,Uncomfortable,too_dark,Warning,Turn on the LED light or increase room lighting.,Live sensor data
2026-05-17 18:03:49,Room_A01,24.6,47.7,167,Warning,Light too low,Turn on the LED light or increase room lighting.,ON,Uncomfortable,too_dark,Warning,Turn on the LED light or increase room lighting.,Live sensor data
2026-05-17 18:03:52,Room_A01,24.6,47.8,172,Warning,Light too low,Turn on the LED light or increase room lighting.,ON,Uncomfortable,too_dark,Warning,Turn on the LED light or increase room lighting.,Live sensor data
2026-05-17 18:03:55,Room_A01,24.6,47.6,151,Warning,Light too low,Turn on the LED light or increase room lighting.,ON,Uncomfortable,too_dark,Warning,Turn on the LED light or increase room lighting.,Live sensor data
2026-05-17 18:03:58,Room_A01,24.6,47.7,142,Warning,Light too low,Turn on the LED light or increase room lighting.,ON,Uncomfortable,too_dark,Warning,Turn on the LED light or increase room lighting.,Live sensor data
2026-05-17 18:04:02,Room_A01,24.6,47.5,117,Warning,Light too low,Turn on the LED light or increase room lighting.,ON,Uncomfortable,too_dark,Warning,Turn on the LED light or increase room lighting.,Live sensor data
2026-05-17 18:04:05,Room_A01,24.6,47.5,117,Warning,Light too low,Turn on the LED light or increase room lighting.,ON,Uncomfortable,too_dark,Warning,Turn on the LED light or increase room lighting.,Live sensor data
2026-05-17 18:04:08,Room_A01,24.6,47.8,135,Warning,Light too low,Turn on the LED light or increase room lighting.,ON,Uncomfortable,too_dark,Warning,Turn on the LED light or increase room lighting.,Live sensor data
2026-05-17 18:04:11,Room_A01,24.6,47.5,113,Warning,Light too low,Turn on the LED light or increase room lighting.,ON,Uncomfortable,too_dark,Warning,Turn on the LED light or increase room lighting.,Live sensor data
2026-05-17 18:04:14,Room_A01,24.6,47.6,120,Warning,Light too low,Turn on the LED light or increase room lighting.,ON,Uncomfortable,too_dark,Warning,Turn on the LED light or increase room lighting.,Live sensor data
2026-05-17 18:04:17,Room_A01,24.6,47.7,118,Warning,Light too low,Turn on the LED light or increase room lighting.,ON,Uncomfortable,too_dark,Warning,Turn on the LED light or increase room lighting.,Live sensor data
2026-05-17 18:04:20,Room_A01,24.6,47.6,125,Warning,Light too low,Turn on the LED light or increase room lighting.,ON,Uncomfortable,too_dark,Warning,Turn on the LED light or increase room lighting.,Live sensor data
2026-05-17 18:04:24,Room_A01,24.6,47.5,132,Warning,Light too low,Turn on the LED light or increase room lighting.,ON,Uncomfortable,too_dark,Warning,Turn on the LED light or increase room lighting.,Live sensor data
2026-05-17 18:04:27,Room_A01,24.6,47.9,141,Warning,Light too low,Turn on the LED light or increase room lighting.,ON,Uncomfortable,too_dark,Warning,Turn on the LED light or increase room lighting.,Live sensor data
2026-05-17 18:04:30,Room_A01,24.6,47.5,164,Warning,Light too low,Turn on the LED light or increase room lighting.,ON,Uncomfortable,too_dark,Warning,Turn on the LED light or increase room lighting.,Live sensor data
2026-05-17 18:04:33,Room_A01,24.6,47.7,158,Warning,Light too low,Turn on the LED light or increase room lighting.,ON,Uncomfortable,too_dark,Warning,Turn on the LED light or increase room lighting.,Live sensor data
2026-05-17 18:04:36,Room_A01,24.6,47.6,165,Warning,Light too low,Turn on the LED light or increase room lighting.,ON,Uncomfortable,too_dark,Warning,Turn on the LED light or increase room lighting.,Live sensor data
2026-05-17 18:04:39,Room_A01,24.6,47.7,151,Warning,Light too low,Turn on the LED light or increase room lighting.,ON,Uncomfortable,too_dark,Warning,Turn on the LED light or increase room lighting.,Live sensor data
2026-05-17 18:04:42,Room_A01,24.6,47.8,164,Warning,Light too low,Turn on the LED light or increase room lighting.,ON,Uncomfortable,too_dark,Warning,Turn on the LED light or increase room lighting.,Live sensor data
2026-05-17 18:04:45,Room_A01,24.6,48.0,167,Warning,Light too low,Turn on the LED light or increase room lighting.,ON,Uncomfortable,too_dark,Warning,Turn on the LED light or increase room lighting.,Live sensor data
2026-05-17 18:04:49,Room_A01,24.6,48.1,153,Warning,Light too low,Turn on the LED light or increase room lighting.,ON,Uncomfortable,too_dark,Warning,Turn on the LED light or increase room lighting.,Live sensor data
2026-05-17 18:04:52,Room_A01,24.6,48.2,151,Warning,Light too low,Turn on the LED light or increase room lighting.,ON,Uncomfortable,too_dark,Warning,Turn on the LED light or increase room lighting.,Live sensor data
2026-05-17 18:04:55,Room_A01,24.6,48.2,151,Warning,Light too low,Turn on the LED light or increase room lighting.,ON,Uncomfortable,too_dark,Warning,Turn on the LED light or increase room lighting.,Live sensor data
2026-05-17 18:04:58,Room_A01,24.6,48.2,151,Warning,Light too low,Turn on the LED light or increase room lighting.,ON,Uncomfortable,too_dark,Warning,Turn on the LED light or increase room lighting.,Live sensor data
2026-05-17 18:05:01,Room_A01,24.6,48.1,152,Warning,Light too low,Turn on the LED light or increase room lighting.,ON,Uncomfortable,too_dark,Warning,Turn on the LED light or increase room lighting.,Live sensor data
2026-05-17 18:05:04,Room_A01,24.6,48.2,152,Warning,Light too low,Turn on the LED light or increase room lighting.,ON,Uncomfortable,too_dark,Warning,Turn on the LED light or increase room lighting.,Live sensor data
2026-05-17 18:05:07,Room_A01,24.6,48.1,152,Warning,Light too low,Turn on the LED light or increase room lighting.,ON,Uncomfortable,too_dark,Warning,Turn on the LED light or increase room lighting.,Live sensor data
2026-05-17 18:05:10,Room_A01,24.6,48.1,165,Warning,Light too low,Turn on the LED light or increase room lighting.,ON,Uncomfortable,too_dark,Warning,Turn on the LED light or increase room lighting.,Live sensor data
2026-05-17 18:05:14,Room_A01,24.6,48.0,163,Warning,Light too low,Turn on the LED light or increase room lighting.,ON,Uncomfortable,too_dark,Warning,Turn on the LED light or increase room lighting.,Live sensor data
2026-05-17 18:05:17,Room_A01,24.6,48.0,167,Warning,Light too low,Turn on the LED light or increase room lighting.,ON,Uncomfortable,too_dark,Warning,Turn on the LED light or increase room lighting.,Live sensor data
2026-05-17 18:05:20,Room_A01,24.6,47.9,158,Warning,Light too low,Turn on the LED light or increase room lighting.,ON,Uncomfortable,too_dark,Warning,Turn on the LED light or increase room lighting.,Live sensor data
2026-05-17 18:05:23,Room_A01,24.6,48.0,160,Warning,Light too low,Turn on the LED light or increase room lighting.,ON,Uncomfortable,too_dark,Warning,Turn on the LED light or increase room lighting.,Live sensor data
2026-05-17 18:05:26,Room_A01,24.6,47.9,169,Warning,Light too low,Turn on the LED light or increase room lighting.,ON,Uncomfortable,too_dark,Warning,Turn on the LED light or increase room lighting.,Live sensor data
2026-05-17 18:05:29,Room_A01,24.7,48.0,158,Warning,Light too low,Turn on the LED light or increase room lighting.,ON,Uncomfortable,too_dark,Warning,Turn on the LED light or increase room lighting.,Live sensor data
2026-05-17 18:05:32,Room_A01,24.6,48.0,148,Warning,Light too low,Turn on the LED light or increase room lighting.,ON,Uncomfortable,too_dark,Warning,Turn on the LED light or increase room lighting.,Live sensor data
2026-05-17 18:05:35,Room_A01,24.6,48.0,144,Warning,Light too low,Turn on the LED light or increase room lighting.,ON,Uncomfortable,too_dark,Warning,Turn on the LED light or increase room lighting.,Live sensor data
2026-05-17 18:05:39,Room_A01,24.7,48.1,151,Warning,Light too low,Turn on the LED light or increase room lighting.,ON,Uncomfortable,too_dark,Warning,Turn on the LED light or increase room lighting.,Live sensor data
2026-05-17 18:05:42,Room_A01,24.6,48.0,160,Warning,Light too low,Turn on the LED light or increase room lighting.,ON,Uncomfortable,too_dark,Warning,Turn on the LED light or increase room lighting.,Live sensor data
2026-05-17 18:05:45,Room_A01,24.7,47.9,159,Warning,Light too low,Turn on the LED light or increase room lighting.,ON,Uncomfortable,too_dark,Warning,Turn on the LED light or increase room lighting.,Live sensor data
2026-05-17 18:05:48,Room_A01,24.6,48.0,145,Warning,Light too low,Turn on the LED light or increase room lighting.,ON,Uncomfortable,too_dark,Warning,Turn on the LED light or increase room lighting.,Live sensor data
2026-05-17 18:05:51,Room_A01,24.6,47.9,146,Warning,Light too low,Turn on the LED light or increase room lighting.,ON,Uncomfortable,too_dark,Warning,Turn on the LED light or increase room lighting.,Live sensor data
2026-05-17 18:05:54,Room_A01,24.7,47.9,146,Warning,Light too low,Turn on the LED light or increase room lighting.,ON,Uncomfortable,too_dark,Warning,Turn on the LED light or increase room lighting.,Live sensor data
2026-05-17 18:05:57,Room_A01,24.7,47.8,154,Warning,Light too low,Turn on the LED light or increase room lighting.,ON,Uncomfortable,too_dark,Warning,Turn on the LED light or increase room lighting.,Live sensor data
2026-05-17 18:06:01,Room_A01,24.7,47.8,172,Warning,Light too low,Turn on the LED light or increase room lighting.,ON,Uncomfortable,too_dark,Warning,Turn on the LED light or increase room lighting.,Live sensor data
2026-05-17 18:06:04,Room_A01,24.7,47.8,162,Warning,Light too low,Turn on the LED light or increase room lighting.,ON,Uncomfortable,too_dark,Warning,Turn on the LED light or increase room lighting.,Live sensor data
2026-05-17 18:06:07,Room_A01,24.7,47.7,161,Warning,Light too low,Turn on the LED light or increase room lighting.,ON,Uncomfortable,too_dark,Warning,Turn on the LED light or increase room lighting.,Live sensor data
2026-05-17 18:06:10,Room_A01,24.7,47.8,151,Warning,Light too low,Turn on the LED light or increase room lighting.,ON,Uncomfortable,too_dark,Warning,Turn on the LED light or increase room lighting.,Live sensor data
2026-05-17 18:06:13,Room_A01,24.7,47.7,166,Warning,Light too low,Turn on the LED light or increase room lighting.,ON,Uncomfortable,too_dark,Warning,Turn on the LED light or increase room lighting.,Live sensor data
2026-05-17 18:06:16,Room_A01,24.7,47.8,172,Warning,Light too low,Turn on the LED light or increase room lighting.,ON,Uncomfortable,too_dark,Warning,Turn on the LED light or increase room lighting.,Live sensor data
2026-05-17 18:06:19,Room_A01,24.7,47.8,165,Warning,Light too low,Turn on the LED light or increase room lighting.,ON,Uncomfortable,too_dark,Warning,Turn on the LED light or increase room lighting.,Live sensor data
2026-05-17 18:06:22,Room_A01,24.7,47.8,159,Warning,Light too low,Turn on the LED light or increase room lighting.,ON,Uncomfortable,too_dark,Warning,Turn on the LED light or increase room lighting.,Live sensor data
2026-05-17 18:06:26,Room_A01,24.7,47.7,169,Warning,Light too low,Turn on the LED light or increase room lighting.,ON,Uncomfortable,too_dark,Warning,Turn on the LED light or increase room lighting.,Live sensor data
2026-05-17 18:06:29,Room_A01,24.7,47.7,149,Warning,Light too low,Turn on the LED light or increase room lighting.,ON,Uncomfortable,too_dark,Warning,Turn on the LED light or increase room lighting.,Live sensor data
2026-05-17 18:06:32,Room_A01,24.7,47.6,138,Warning,Light too low,Turn on the LED light or increase room lighting.,ON,Uncomfortable,too_dark,Warning,Turn on the LED light or increase room lighting.,Live sensor data
2026-05-17 18:06:35,Room_A01,24.7,47.7,138,Warning,Light too low,Turn on the LED light or increase room lighting.,ON,Uncomfortable,too_dark,Warning,Turn on the LED light or increase room lighting.,Live sensor data
2026-05-17 18:06:38,Room_A01,24.7,47.8,143,Warning,Light too low,Turn on the LED light or increase room lighting.,ON,Uncomfortable,too_dark,Warning,Turn on the LED light or increase room lighting.,Live sensor data
2026-05-17 18:06:41,Room_A01,24.7,47.8,128,Warning,Light too low,Turn on the LED light or increase room lighting.,ON,Uncomfortable,too_dark,Warning,Turn on the LED light or increase room lighting.,Live sensor data
2026-05-17 18:06:44,Room_A01,24.7,47.8,128,Warning,Light too low,Turn on the LED light or increase room lighting.,ON,Uncomfortable,too_dark,Warning,Turn on the LED light or increase room lighting.,Live sensor data
2026-05-17 18:06:47,Room_A01,24.7,47.8,128,Warning,Light too low,Turn on the LED light or increase room lighting.,ON,Uncomfortable,too_dark,Warning,Turn on the LED light or increase room lighting.,Live sensor data
2026-05-17 18:06:51,Room_A01,24.7,47.8,137,Warning,Light too low,Turn on the LED light or increase room lighting.,ON,Uncomfortable,too_dark,Warning,Turn on the LED light or increase room lighting.,Live sensor data
2026-05-17 18:06:54,Room_A01,24.7,47.8,140,Warning,Light too low,Turn on the LED light or increase room lighting.,ON,Uncomfortable,too_dark,Warning,Turn on the LED light or increase room lighting.,Live sensor data
2026-05-17 18:06:57,Room_A01,24.7,47.7,137,Warning,Light too low,Turn on the LED light or increase room lighting.,ON,Uncomfortable,too_dark,Warning,Turn on the LED light or increase room lighting.,Live sensor data
2026-05-17 18:07:00,Room_A01,24.7,47.7,123,Warning,Light too low,Turn on the LED light or increase room lighting.,ON,Uncomfortable,too_dark,Warning,Turn on the LED light or increase room lighting.,Live sensor data
2026-05-17 18:07:03,Room_A01,24.7,47.8,122,Warning,Light too low,Turn on the LED light or increase room lighting.,ON,Uncomfortable,too_dark,Warning,Turn on the LED light or increase room lighting.,Live sensor data
2026-05-17 18:07:06,Room_A01,24.7,47.6,126,Warning,Light too low,Turn on the LED light or increase room lighting.,ON,Uncomfortable,too_dark,Warning,Turn on the LED light or increase room lighting.,Live sensor data
2026-05-17 18:07:09,Room_A01,24.7,47.7,130,Warning,Light too low,Turn on the LED light or increase room lighting.,ON,Uncomfortable,too_dark,Warning,Turn on the LED light or increase room lighting.,Live sensor data
2026-05-17 18:07:13,Room_A01,24.7,47.6,135,Warning,Light too low,Turn on the LED light or increase room lighting.,ON,Uncomfortable,too_dark,Warning,Turn on the LED light or increase room lighting.,Live sensor data
2026-05-17 18:07:16,Room_A01,24.7,47.7,149,Warning,Light too low,Turn on the LED light or increase room lighting.,ON,Uncomfortable,too_dark,Warning,Turn on the LED light or increase room lighting.,Live sensor data
2026-05-17 18:07:19,Room_A01,24.7,47.7,158,Warning,Light too low,Turn on the LED light or increase room lighting.,ON,Uncomfortable,too_dark,Warning,Turn on the LED light or increase room lighting.,Live sensor data
2026-05-17 18:07:22,Room_A01,24.7,47.8,149,Warning,Light too low,Turn on the LED light or increase room lighting.,ON,Uncomfortable,too_dark,Warning,Turn on the LED light or increase room lighting.,Live sensor data
2026-05-17 18:07:25,Room_A01,24.7,47.7,146,Warning,Light too low,Turn on the LED light or increase room lighting.,ON,Uncomfortable,too_dark,Warning,Turn on the LED light or increase room lighting.,Live sensor data
2026-05-17 18:07:28,Room_A01,24.7,47.6,147,Warning,Light too low,Turn on the LED light or increase room lighting.,ON,Uncomfortable,too_dark,Warning,Turn on the LED light or increase room lighting.,Live sensor data
2026-05-17 18:07:31,Room_A01,24.7,47.6,130,Warning,Light too low,Turn on the LED light or increase room lighting.,ON,Uncomfortable,too_dark,Warning,Turn on the LED light or increase room lighting.,Live sensor data
2026-05-17 18:07:34,Room_A01,24.7,47.8,129,Warning,Light too low,Turn on the LED light or increase room lighting.,ON,Uncomfortable,too_dark,Warning,Turn on the LED light or increase room lighting.,Live sensor data
2026-05-17 18:07:38,Room_A01,24.7,47.6,131,Warning,Light too low,Turn on the LED light or increase room lighting.,ON,Uncomfortable,too_dark,Warning,Turn on the LED light or increase room lighting.,Live sensor data
2026-05-17 18:07:41,Room_A01,24.7,47.7,136,Warning,Light too low,Turn on the LED light or increase room lighting.,ON,Uncomfortable,too_dark,Warning,Turn on the LED light or increase room lighting.,Live sensor data
2026-05-17 18:07:44,Room_A01,24.7,47.7,137,Warning,Light too low,Turn on the LED light or increase room lighting.,ON,Uncomfortable,too_dark,Warning,Turn on the LED light or increase room lighting.,Live sensor data
2026-05-17 18:07:47,Room_A01,24.7,47.7,152,Warning,Light too low,Turn on the LED light or increase room lighting.,ON,Uncomfortable,too_dark,Warning,Turn on the LED light or increase room lighting.,Live sensor data
2026-05-17 22:02:00,Room_A01,21.8,56.1,0,Warning,Light too low,Turn on the LED light or increase room lighting.,ON,Uncomfortable,too_dark,Warning,Turn on the LED light or increase room lighting.,Live sensor data
2026-05-17 22:02:03,Room_A01,21.8,56.1,75,Warning,Light too low,Turn on the LED light or increase room lighting.,ON,Uncomfortable,too_dark,Warning,Turn on the LED light or increase room lighting.,Live sensor data
2026-05-17 22:02:06,Room_A01,21.8,56.1,73,Warning,Light too low,Turn on the LED light or increase room lighting.,ON,Uncomfortable,too_dark,Warning,Turn on the LED light or increase room lighting.,Live sensor data
2026-05-17 22:02:09,Room_A01,21.9,56.1,73,Warning,Light too low,Turn on the LED light or increase room lighting.,ON,Uncomfortable,too_dark,Warning,Turn on the LED light or increase room lighting.,Live sensor data
2026-05-17 22:02:12,Room_A01,21.9,56.1,74,Warning,Light too low,Turn on the LED light or increase room lighting.,ON,Uncomfortable,too_dark,Warning,Turn on the LED light or increase room lighting.,Live sensor data
2026-05-17 22:02:15,Room_A01,21.9,56.1,80,Warning,Light too low,Turn on the LED light or increase room lighting.,ON,Uncomfortable,too_dark,Warning,Turn on the LED light or increase room lighting.,Live sensor data
2026-05-17 22:03:45,Room_A01,22.6,56.1,76,Warning,Light too low,Turn on the LED light or increase room lighting.,ON,Uncomfortable,too_dark,Warning,Turn on the LED light or increase room lighting.,Live sensor data
2026-05-17 22:03:45,Room_A01,22.6,56.1,76,Warning,Light too low,Turn on the LED light or increase room lighting.,ON,Uncomfortable,too_dark,Warning,Turn on the LED light or increase room lighting.,Live sensor data
2026-05-17 22:03:48,Room_A01,22.6,56.5,12,Warning,Light too low,Turn on the LED light or increase room lighting.,ON,Uncomfortable,too_dark,Warning,Turn on the LED light or increase room lighting.,Live sensor data
2026-05-17 22:03:51,Room_A01,22.7,55.6,74,Warning,Light too low,Turn on the LED light or increase room lighting.,ON,Uncomfortable,too_dark,Warning,Turn on the LED light or increase room lighting.,Live sensor data
2026-05-17 22:03:54,Room_A01,22.7,55.6,79,Warning,Light too low,Turn on the LED light or increase room lighting.,ON,Uncomfortable,too_dark,Warning,Turn on the LED light or increase room lighting.,Live sensor data
2026-05-17 22:03:57,Room_A01,22.7,55.2,76,Warning,Light too low,Turn on the LED light or increase room lighting.,ON,Uncomfortable,too_dark,Warning,Turn on the LED light or increase room lighting.,Live sensor data
2026-05-17 22:04:01,Room_A01,22.7,55.9,76,Warning,Light too low,Turn on the LED light or increase room lighting.,ON,Uncomfortable,too_dark,Warning,Turn on the LED light or increase room lighting.,Live sensor data
2026-05-17 22:04:04,Room_A01,22.8,55.5,8,Warning,Light too low,Turn on the LED light or increase room lighting.,ON,Uncomfortable,too_dark,Warning,Turn on the LED light or increase room lighting.,Live sensor data
2026-05-17 22:04:07,Room_A01,22.8,56.3,84,Warning,Light too low,Turn on the LED light or increase room lighting.,ON,Uncomfortable,too_dark,Warning,Turn on the LED light or increase room lighting.,Live sensor data
2026-05-17 22:04:10,Room_A01,22.8,56.3,78,Warning,Light too low,Turn on the LED light or increase room lighting.,ON,Uncomfortable,too_dark,Warning,Turn on the LED light or increase room lighting.,Live sensor data
2026-05-17 22:04:13,Room_A01,22.9,56.4,80,Warning,Light too low,Turn on the LED light or increase room lighting.,ON,Uncomfortable,too_dark,Warning,Turn on the LED light or increase room lighting.,Live sensor data
2026-05-17 22:04:16,Room_A01,22.9,56.3,71,Warning,Light too low,Turn on the LED light or increase room lighting.,ON,Uncomfortable,too_dark,Warning,Turn on the LED light or increase room lighting.,Live sensor data
2026-05-17 22:04:20,Room_A01,22.9,56.6,81,Warning,Light too low,Turn on the LED light or increase room lighting.,ON,Uncomfortable,too_dark,Warning,Turn on the LED light or increase room lighting.,Live sensor data
2026-05-17 22:04:24,Room_A01,23.0,56.4,77,Warning,Light too low,Turn on the LED light or increase room lighting.,ON,Uncomfortable,too_dark,Warning,Turn on the LED light or increase room lighting.,Live sensor data
2026-05-17 22:04:27,Room_A01,23.0,56.4,12,Warning,Light too low,Turn on the LED light or increase room lighting.,ON,Uncomfortable,too_dark,Warning,Turn on the LED light or increase room lighting.,Live sensor data
2026-05-17 22:04:30,Room_A01,23.0,56.2,75,Warning,Light too low,Turn on the LED light or increase room lighting.,ON,Uncomfortable,too_dark,Warning,Turn on the LED light or increase room lighting.,Live sensor data
2026-05-17 22:04:33,Room_A01,23.1,56.0,74,Warning,Light too low,Turn on the LED light or increase room lighting.,ON,Uncomfortable,too_dark,Warning,Turn on the LED light or increase room lighting.,Live sensor data
